-- phpMyAdmin SQL Dump
-- version 4.7.9
-- https://www.phpmyadmin.net/
--
-- Host: 127.0.0.1:3306
-- Generation Time: Nov 11, 2018 at 03:17 PM
-- Server version: 5.7.21
-- PHP Version: 7.2.4

SET SQL_MODE = "NO_AUTO_VALUE_ON_ZERO";
SET AUTOCOMMIT = 0;
START TRANSACTION;
SET time_zone = "+00:00";


/*!40101 SET @OLD_CHARACTER_SET_CLIENT=@@CHARACTER_SET_CLIENT */;
/*!40101 SET @OLD_CHARACTER_SET_RESULTS=@@CHARACTER_SET_RESULTS */;
/*!40101 SET @OLD_COLLATION_CONNECTION=@@COLLATION_CONNECTION */;
/*!40101 SET NAMES utf8mb4 */;

--
-- Database: `annuaire_ancien`
--

-- --------------------------------------------------------

--
-- Table structure for table `ann_admin`
--

DROP TABLE IF EXISTS `ann_admin`;
CREATE TABLE IF NOT EXISTS `ann_admin` (
  `id` int(11) NOT NULL,
  `email` varchar(32) NOT NULL,
  `password` varchar(256) NOT NULL,
  PRIMARY KEY (`id`)
) ENGINE=InnoDB DEFAULT CHARSET=latin1;

--
-- Dumping data for table `ann_admin`
--

INSERT INTO `ann_admin` (`id`, `email`, `password`) VALUES
(1, 'admin@etic-insa.com', '0cd599f7c2bae9f3414f63584bf4f24fbd64b627b199e37155836e58d3f955d843186db8dd5bd9aed4c438069fa2bae91d8de3f6d300444564dcc8f82816eaac');

-- --------------------------------------------------------

--
-- Table structure for table `ann_ca`
--

DROP TABLE IF EXISTS `ann_ca`;
CREATE TABLE IF NOT EXISTS `ann_ca` (
  `id` int(11) NOT NULL,
  PRIMARY KEY (`id`)
) ENGINE=InnoDB DEFAULT CHARSET=latin1;

--
-- Dumping data for table `ann_ca`
--

INSERT INTO `ann_ca` (`id`) VALUES
(288),
(289),
(290),
(291),
(292),
(293),
(294),
(295),
(296),
(297),
(298);

-- --------------------------------------------------------

--
-- Table structure for table `ann_membres`
--

DROP TABLE IF EXISTS `ann_membres`;
CREATE TABLE IF NOT EXISTS `ann_membres` (
  `id` int(11) NOT NULL AUTO_INCREMENT,
  `firstname` varchar(64) CHARACTER SET utf16 COLLATE utf16_bin NOT NULL,
  `lastname` varchar(64) CHARACTER SET utf16 COLLATE utf16_bin NOT NULL,
  `phone` varchar(20) CHARACTER SET utf16 COLLATE utf16_bin DEFAULT NULL,
  `email` varchar(64) CHARACTER SET utf16 COLLATE utf16_bin NOT NULL,
  `company` varchar(64) CHARACTER SET utf16 COLLATE utf16_bin DEFAULT NULL,
  `department` varchar(32) CHARACTER SET utf16 COLLATE utf16_bin DEFAULT NULL,
  `photo` varchar(64) CHARACTER SET utf16 COLLATE utf16_bin DEFAULT NULL,
  `password` varchar(256) NOT NULL,
  PRIMARY KEY (`id`)
) ENGINE=InnoDB AUTO_INCREMENT=299 DEFAULT CHARSET=latin1;

--
-- Dumping data for table `ann_membres`
--

INSERT INTO `ann_membres` (`id`, `firstname`, `lastname`, `phone`, `email`, `company`, `department`, `photo`, `password`) VALUES
(1, 'mohamed', 'abbour', '', '', '', '', '', ''),
(2, 'yasmine', 'achab', '06 20 33 35 56', 'achabyasmine@hotmail.com', '', '', '', ''),
(3, 'eline', 'achard', '06 31 97 67 41', 'eline.achard@gmail.com', '', '', '', ''),
(4, 'meryem', 'aissami', '06 23 84 73 37', 'meryemaissami@hotmail.fr', '', '', '', ''),
(5, 'sarah', 'akalay', '06 95 19 99 42', 'sarah.akalay@gmail.com', 'quadran', '', '', ''),
(6, 'guillaume', 'alamone', '', '', '', '', '', ''),
(7, 'laurent', 'allari', '03 88 30 13 92', 'laurent.allari@gmail.com', '', '', '', ''),
(8, 'eric', 'allombert', '06 61 31 66 31', '', '', '', '', ''),
(9, 'moïse', 'augis', '', '', '', '', '', ''),
(10, 'seif', 'ayari', '06 99 48 98 71', 'seif.ayari@gmail.com', 'addventa', '', '', ''),
(11, 'maria', 'baboullal', '06 26 91 32 45', '', '', '', '', ''),
(12, 'catherine', 'baille', '', 'catherine.dziwniel@laposte.net', '', '', '', ''),
(13, 'julien', 'bara', '06 76 93 88 15', 'bara.julien@yahoo.fr', 'amaris', '', '', ''),
(14, 'loïc', 'bardon', '06 77 78 28 29', 'loic.bardon@free.fr', 'techfirm information systems (genève, suisse)', '', '', ''),
(15, 'omar', 'barkaoui', '06 05 29 60 28', 'bar.omar.1503@gmail.com', 'sncf', '', '', ''),
(16, 'sacha', 'barkat', '06 73 91 62 50', 'kabsaa1@gmail.com', '', '', '', ''),
(17, 'jean-baptiste', 'beaubay', '06 20 83 66 61', 'jeanbaptiste.beaubay@estp-sa.fr', '', '', '', ''),
(18, 'corentin', 'belard', '', 'belardc@gmail.com', '', '', '', ''),
(19, 'younès', 'belkhayat', '06 20 05 24 94', 'yobelkhayat@gmail.com', '', '', '', ''),
(20, 'el ghali', 'benchekroun', '06 98 25 27 95', '', '', '', '', ''),
(21, 'fatiha', 'bendriss', '', '', '', '', '', ''),
(22, 'orlando', 'benea', '06 95 90 62 90', 'orlando_db@yahoo.com', '', '', '', ''),
(23, 'jean-hugues', 'benedict', '06 66 30 79 91', '', '', '', '', ''),
(24, 'linda', 'benrighi', '07 83 24 83 33', 'l.benrighi@hotmail.fr', 'bnp paribas', '', '', ''),
(25, 'lina', 'benyahia', '06 30 17 85 95', '', '', '', '', ''),
(26, 'jérome', 'bernard', '06 08 67 25 32', 'jerome@auroreetjerome.com', '', '', '', ''),
(27, 'matthieu', 'bert', '', 'matth.bert@gmail.com', '', '', '', ''),
(28, 'thierry', 'berton', '', 'tberton77@aol.com', '', '', '', ''),
(29, 'kim', 'bertrand', '06 46 87 01 78', 'kimbertrand@laposte.net', 'insa lyon', '', '', ''),
(30, 'lucas', 'besomi', '07 77 36 01 58', '', '', '', '', ''),
(31, 'stéphane', 'bianco', '', 's.bianco@art-martin.com', '', '', '', ''),
(32, 'marc', 'bichler', '(49) 179 731 9546', 'mbichler@epo.org', '', '', '', ''),
(33, 'guy', 'blanpain', '', 'nabidaouda@gmail.com', '', '', '', ''),
(34, 'ludovic', 'blay', '06 76 45 77 21', 'ludovic.blay@free.fr', '', '', '', ''),
(35, 'victor', 'bonin', '06 71 37 44 21', '', '', '', '', ''),
(36, 'herve', 'boog', '', '', '', '', '', ''),
(37, 'noémie', 'bouillod', '', '', '', '', '', ''),
(38, 'aziz', 'boukarfada', '', '', '', '', '', ''),
(39, 'tarik', 'boumahdi', '', 'tarik.boumahdi@gmail.com', '', '', '', ''),
(40, 'antoine', 'bourelly', '', 'antoine.bourelly@free.fr', '', '', '', ''),
(41, 'jordy', 'brazier', '', 'jordybrazier@gmail.com', '', '', '', ''),
(42, 'arthur', 'bres', '06 02 27 55 66', '', '', '', '', ''),
(43, 'christian', 'bretz', '06 70 34 48 48', 'bretzchristian@gmail.com', '', '', '', ''),
(44, 'anthony', 'brin', '06 02 33 38 44', '', '', '', '', ''),
(45, 'nathalie', 'brocq', '', '', '', '', '', ''),
(46, 'yoann', 'buch', '', 'yoann.buch@gmail.com', '', '', '', ''),
(47, 'emilie', 'calabre', '06 47 25 68 03', '', '', '', '', ''),
(48, 'arnaud', 'callendret', '', 'arnaud.callendret@gmail.com', '', '', '', ''),
(49, 'geoffroy', 'cammage', '06 87 97 07 73', 'geoffroy.cammage@gmail.com', '', '', '', ''),
(50, 'laurentiu', 'capatina', '07 61 94 55 05', 'lau.capatina@gmail.com', 'amaris', '', '', ''),
(51, 'diego', 'cardona ponce', '06 98 58 83 47', 'diego.cardona.ponce@gmail.com', '', '', '', ''),
(52, 'jérémy', 'carnus', '(1) 514 962 8290', 'jeremy@jcarnus.fr', '', '', '', ''),
(53, 'marc', 'carré', '+44 7 563 07 57 83', 'carre.marc@gmail.com', 'weaveworks', '', '', ''),
(54, 'mathieu', 'caudal', '', '', '', '', '', ''),
(55, 'thierry', 'cefali', '', '', '', '', '', ''),
(56, 'alain', 'cezard', '', 'alain.cezard@fr.ibm.com', '', '', '', ''),
(57, 'meryem', 'chaatit', '06 58 09 88 56', '', '', '', '', ''),
(58, 'ikram', 'chahlaoui', '07 71 22 23 78', '', '', '', '', ''),
(59, 'jaafar', 'chaifai el alaoui', '', 'chafai_el_alaoui_jaafar@hotmail.fr', '', '', '', ''),
(60, 'gilles', 'charrier', '06 50 51 67 45', 'gilles.charrier@free.fr', '', '', '', ''),
(61, 'nathan', 'chauvet', '06 25 64 68 42', '', '', '', '', ''),
(62, 'naixin', 'chen', '07 60 41 21 09', '', '', '', '', ''),
(63, 'sami', 'cherif', '06 58 40 09 96', 'sami.cherif.11@gmail.com', '', '', '', ''),
(64, 'bastien', 'chouville', '06 74 63 06 07', 'bastien.chouville@gmail.com', '', '', '', ''),
(65, 'bernabé', 'chumpitazi', '06 85 96 24 85', 'bernabe@chumpitazi.fr', 'initiative auvergne rhône alpes', '', '', ''),
(66, 'vincent', 'clavioz', '07 61 84 99 97', '', '', '', '', ''),
(67, 'maël', 'clement de givry', '06 73 47 82 74', 'maelpierre@gmail.com', '', '', '', ''),
(68, 'céline', 'collet', '', 'celine.collet@hotmail.com', '', '', '', ''),
(69, 'frederic', 'constant', '', 'frederic.constant1@free.fr', '', '', '', ''),
(70, 'olivier', 'contesso', '', '', '', '', '', ''),
(71, 'jules', 'coron', '06 33 15 92 14', '', '', '', '', ''),
(72, 'luc', 'cristol', '06 21 48 49 82', 'luc.cristol@gmail.com', '', '', '', ''),
(73, 'michel', 'cywinsky', '', '', '', '', '', ''),
(74, 'samuel', 'danhardt', '06 64 87 83 54', 'samuel.danhardt @nospam@ agence-esante.lu', '', '', '', ''),
(75, 'clémence', 'darlay', '06 18 39 80 99', 'clemence.darlay@gmail.com', '', '', '', ''),
(76, 'matthias', 'darrington', '06 49 92 71 35', '', '', '', '', ''),
(77, 'paul', 'dautry', '06 51 59 74 59', '', '', '', '', ''),
(78, 'hugo', 'david boyet', '06 48 33 32 96', 'hugo.david.boyet@gmail.com', 'amazon', '', '', ''),
(79, 'gérôme', 'de gea', '06 84 45 43 76', 'gdegea@gmail.com', '', '', '', ''),
(80, 'soline', 'de la bourdonnaye blossac', '06 47 02 15 36', 'soline.delabourdonnaye@gmail.com', '', '', '', ''),
(81, 'josé', 'de oliveira', '', 'josedeoli@gmail.com', '', '', '', ''),
(82, 'laurent', 'dechambenoit', '03 84 26 21 92', 'loulou.decham@infonie.fr', '', '', '', ''),
(83, 'martin', 'delbecque', '06 67 65 42 88', 'martin.delbecque@gmail.com', 'cnje', '', '', ''),
(84, 'florent', 'delorme', '06 62 69 39 30', '', '', '', '', ''),
(85, 'yoann', 'delwarde', '06 81 60 66 52', '', '', '', '', ''),
(86, 'renaud', 'dewaele', '06 71 99 11 68', 'r.dewaele@orange.fr', '', '', '', ''),
(87, 'naby daouda', 'diakite', '06 22 14 72 81', 'nabidaouda@gmail.com', '', '', '', ''),
(88, 'vincent', 'diernaz', '', '', '', '', '', ''),
(89, 'kevin', 'dimey', '06 07 48 90 23', '', '', '', '', ''),
(90, 'charlotte', 'diroux', '07 77 39 60 91', 'charlotte.diroux@neuf.fr', '', '', '', ''),
(91, 'alina-miruna', 'dragomir', '06 48 15 10 73', 'mirunadragomir@gmail.com', '', '', '', ''),
(92, 'mamoun', 'drissi-kaceimi', '', '', '', '', '', ''),
(93, 'clara', 'dubar', '06 58 93 77 29', '', '', '', '', ''),
(94, 'rafael', 'dufour', '(212) 6 62 18 30 02', 'rafael.dufour@gmail.com', '', '', '', ''),
(95, 'bruno', 'dumont', '06 03 84 06 19', 'francoisebrunodumont@orange.fr', '', '', '', ''),
(96, 'jean marc', 'eiclier', '06 82 55 73 41', 'jean-marc.eiclier@fr.ey.com', '', '', '', ''),
(97, 'ghita', 'el ghissassi', '06 32 95 86 49', 'ghitaelghissassi@gmail.com', 'insa lyon', '', '', ''),
(98, 'hajar', 'el hanafi', '06 61 26 48 46', 'elhanafi.hajar@gmail.com', '', '', '', ''),
(99, 'amine', 'el hilali', '06 01 30 83 27', '', '', '', '', ''),
(100, 'rim', 'el idrissi mokdad', '07 82 59 45 41', 'rim.el-idrissi-mokdad@insa-lyon.fr', '', '', '', ''),
(101, 'chaimaa', 'el mkadmi', '	06 10 18 74 11', 'chaimae8elmk@gmail.com', '', '', '', ''),
(102, 'amine', 'elayoubi', '06 01 44 22 27', 'elayoubi.amine91@gmail.com', '', '', '', ''),
(103, 'philippe', 'espinasse', '06 78 03 20 77', 'philippeespinasse@yahoo.fr', '', '', '', ''),
(104, 'david', 'faure', '', 'david.faure@gmail.com', '', '', '', ''),
(105, 'laurent', 'fortino', '06 14 69 45 75', 'laurent.fortino@free.fr', '', '', '', ''),
(106, 'thomas', 'fouche', '', '', '', '', '', ''),
(107, 'ramzi', 'frikha', '', '', '', '', '', ''),
(108, 'pierre-yves', 'fritsch', '04 78 24 90 00', '', '', '', '', ''),
(109, 'mathieu', 'gaillochet', '06 68 26 05 05', 'mathieu.gaillochet@gmail.com', 'michelin', '', '', ''),
(110, 'nathalie', 'gainand', '06 98 60 98 76', 'nathaliegainand@hotmail.com', '', '', '', ''),
(111, 'laurence', 'garcin', '', 'laurence.dartois@socgen.com', '', '', '', ''),
(112, 'alexandre', 'gault', '06 49 89 98 44', '', '', '', '', ''),
(113, 'pierre', 'gauly', '06 41 90 00 42', 'pierre.gauly@gmail.com', '', '', '', ''),
(114, 'aurélien', 'gemeto', '06 35 41 05 07', 'aurelien.gemeto@gmail.com', '', '', '', ''),
(115, 'pauline', 'geslin', '06 87 58 15 30', 'pauline.ges56@gmail.com', 'framatome', '', '', ''),
(116, 'amre', 'ghiba', '06 95 36 35 43', 'amreghiba@gmail.com', '', '', '', ''),
(117, 'antoine', 'giraldi', '06 76 59 69 60', '', '', '', '', ''),
(118, 'vincent', 'giron', '07 78 20 02 08', '', '', '', '', ''),
(119, 'aurélien', 'gisbert', '06 08 31 58 98', '', '', '', '', ''),
(120, 'sabine', 'glasson', '06 58 39 06 81', 'sabine.glasson1@gmail.com', '', '', '', ''),
(121, 'sabri', 'gmira', '', '', '', '', '', ''),
(122, 'laurent', 'gobbi', '06 14 58 91 00', 'lgobbi@free.fr', '', '', '', ''),
(123, 'boris', 'gonul', '', 'gonul.boris@gmail.com', '', '', '', ''),
(124, 'yasmina', 'goulham', '', '', '', '', '', ''),
(125, 'christian', 'gros', '', '', '', '', '', ''),
(126, 'margaux', 'grouvel', '06 67 34 50 39', 'margaux.07@hotmail.com', 'insa lyon', '', '', ''),
(127, 'anne-laure', 'guerin', '', 'al.guerin@andrety.fr', '', '', '', ''),
(128, 'claire', 'guichon', '06 04 47 40 13', '', '', '', '', ''),
(129, 'patrick', 'guien', '', '', '', '', '', ''),
(130, 'romain', 'guigard', '06 84 85 46 64', 'romain.guigard@yahoo.fr', '', '', '', ''),
(131, 'claire', 'guillemin', '', 'claire.gilioli@orange.com', '', '', '', ''),
(132, 'alexandre', 'guillet', '06 06 93 11 15', 'alexandre.guillet@gmail.com', 'sncf réseau', '', '', ''),
(133, 'florence', 'gutekunst', '06 70 37 46 11', '', '', '', '', ''),
(134, 'chouiref', 'hajer', '', '', '', '', '', ''),
(135, 'hubert', 'hamelin', '06 60 12 19 51', 'hubert.hamelin@gmail.com', '', '', '', ''),
(136, 'fabrice', 'hautbois', '06 80 30 77 62', 'fhautbois@hotmail.com', 'banque populaire', '', '', ''),
(137, 'cindy', 'hezard', '06 66 27 96 02', 'cindy.hezard@gmail.com', '', '', '', ''),
(138, 'soumaya', 'hida', '06 05 77 72 10', '', '', '', '', ''),
(139, 'marie', 'hirsch', '06 79 38 47 57', 'mariehirsch1@gmail.com', '', '', '', ''),
(140, 'jean-yves', 'hochard', '', '', '', '', '', ''),
(141, 'jeremy', 'huerta', '06 49 42 64 38', 'jeremy.huerta.bezy@gmail.com', 'sarmalec', '', '', ''),
(142, 'gwenaëlle', 'huet', '', 'gwenhuet06@gmail.com', '', '', '', ''),
(143, 'patricia', 'humann', '', 'patricia.humann@edf.fr', '', '', '', ''),
(144, 'kenji', 'ikezawa', '06 87 28 47 17', 'kenjikezawa@gmail.com', '', '', '', ''),
(145, 'hamza', 'issoual', '06 65 79 90 28', '', '', '', '', ''),
(146, 'louis', 'jacolin', '07 60 94 00 72', 'louis.jacolin@hotmail.fr', '', '', '', ''),
(147, 'muriel', 'jacques', '06 95 97 86 94', 'muriel.jacques1@gmail.com', '', '', '', ''),
(148, 'ignacio', 'javierre', '06 95 85 26 62', 'ignacio.javierre@gmail.com', '', '', '', ''),
(149, 'laurent', 'joly', '', 'rainceen93@yahoo.fr', '', '', '', ''),
(150, 'reem', 'joudi', '06 78 85 72 76', 'r.joudi@hotmail.com', '', '', '', ''),
(151, 'annick', 'jouin', '', '', '', '', '', ''),
(152, 'aziz', 'kezzou', '06 26 98 64 32', 'aziz.kezzou@gmail.com', '', '', '', ''),
(153, 'farid', 'klafon', '06 73 64 59 71', '', '', '', '', ''),
(154, 'sergio', 'kokouvi afanou', '06 22 03 76 97', 'afanousergio@yahoo.fr', '', '', '', ''),
(155, 'léo', 'krizman', '06 72 90 95 98', 'leo.krizman@free.fr', '', '', '', ''),
(156, 'cahé', 'kuczera toporowicz', '06 40 20 29 63', 'cahe.topo@gmail.com', '', '', '', ''),
(157, 'robin', 'kuhn', '06 19 93 42 36', '', 'amaris', '', '', ''),
(158, 'cédric', 'la marca', '06 73 94 02 67', 'cedric.lamarca@laposte.net', '', '', '', ''),
(159, 'omar', 'laaziz', '', 'olaaziz2103@gmail.com', '', '', '', ''),
(160, 'laetitia', 'lachat', '06 77 96 25 73', '', '', '', '', ''),
(161, 'damien', 'lacroix', '', '', 'university of sheffield', '', '', ''),
(162, 'matthieu', 'laloux', '06 88 47 24 21', 'matthieu.laloux@wanadoo.fr', '', '', '', ''),
(163, 'antoine', 'lambert', '06 49 15 43 41', 'antoine.lambert026@gmail.com', '', '', '', ''),
(164, 'suzanne', 'lapras', '06 86 98 30 45', '', '', '', '', ''),
(165, 'herve', 'lautier', '06 16 58 79 51', 'mprv@free.fr', '', '', '', ''),
(166, 'stéphane', 'lavert', '', 'stephane.lavert@gmail.com', '', '', '', ''),
(167, 'xavier', 'le molgat', '06 79 45 92 68', 'x.lemolgat@gmail.com', '', '', '', ''),
(168, 'salma', 'lefriyekh', '07 61 93 57 53', 'salmalefriyekh@hotmail.fr', '', '', '', ''),
(169, 'pierrick', 'legrand', '06 22 10 20 12', 'pierrick.legrand@free.fr', 'capsens', '', '', ''),
(170, 'julian', 'lelievre', '06 30 82 89 66', 'julian.lelievre@gmail.com', '', '', '', ''),
(171, 'quentin', 'lemaire', '06 64 82 62 94', 'quentyn.lemaire@gmail.com', '', '', '', ''),
(172, 'etienne', 'lemee', '', '', '', '', '', ''),
(173, 'grégory', 'lepert', '06 98 34 70 58', 'greg_lepert@yahoo.fr', '', '', '', ''),
(174, 'adrien', 'lepic', '06 88 76 08 27', 'adrien.lepic.insa@gmail.com', 'jade', '', '', ''),
(175, 'antoine', 'lepoil', '06 79 81 95 62', '', '', '', '', ''),
(176, 'hubert', 'levasseur', '06 63 53 81 82', '', '', '', '', ''),
(177, 'manuel', 'lorenzo', '', 'manuel.lorenzo@oracle.com', '', '', '', ''),
(178, 'nicolas', 'ludmann', '', 'nludmann@alcee.fr', '', '', '', ''),
(179, 'thomas', 'lugnier', '06 83 81 84 18', '', '', '', '', ''),
(180, 'mohamed', 'maatella', '06 29 97 35 93', 'mmaatella@gmail.com', '', '', '', ''),
(181, 'laurence', 'malfante', '', 'laurence.ldurand@wanadoo.fr', '', '', '', ''),
(182, 'laure', 'mandrea', '', '', '', '', '', ''),
(183, 'catherine', 'marcenac', '06 52 01 50 76', 'catcat31.goyon@orange.fr', '', '', '', ''),
(184, 'jérémie-puerta', 'martin', '', '', '', '', '', ''),
(185, 'lionel', 'martinez', '', 'lxmartinez@gmail.com', '', '', '', ''),
(186, 'alban', 'martinez-delcayrou', '07 69 92 65 72', 'alban.md@gmail.com', 'mit', '', '', ''),
(187, 'charles', 'martin-laval', '', 'cmartinlaval@gmail.com', '', '', '', ''),
(188, 'nathalie', 'mathieu', '', '', '', '', '', ''),
(189, 'omar', 'meliani', '06 32 92 09 39', '', '', '', '', ''),
(190, 'victor', 'mesquita barbossa', '', '', '', '', '', ''),
(191, 'maurice', 'meyer', '', 'meyermaurice@free.fr', '', '', '', ''),
(192, 'thomas', 'meyer', '04 76 23 04 54', 'thomas.meyer@st.com', '', '', '', ''),
(193, 'youssef', 'm\'hamedi', '06 60 16 46 37', '', '', '', '', ''),
(194, 'dominique', 'michel', '06 74 35 82 54', 'dp.michel@live.fr', '', '', '', ''),
(195, 'daniel', 'miguel', '', 'daniel2905.miguel@laposte.net', '', '', '', ''),
(196, 'wilfried', 'montarou', '06 80 66 05 11', 'wilfried@digitartstudio.com', '', '', '', ''),
(197, 'victor', 'morel', '06 01 79 71 88', 'morel.victor.69@gmail.com', '', '', '', ''),
(198, 'yassine', 'moreno', '06 48 63 67 56', 'slifer.unit@gmail.com', '', '', '', ''),
(199, 'jean marc', 'mori', '', '', '', '', '', ''),
(200, 'patrick', 'mottet', '06 08 69 69 63', 'patrick.mottet@free.fr', '', '', '', ''),
(201, 'bruno', 'mouche', '', 'bruno.mouche@orange.fr', '', '', '', ''),
(202, 'franck', 'mouchel', '', 'frank.mouchel@free.fr', '', '', '', ''),
(203, 'mohammed oussama', 'mouhsine', '06 12 54 25 40', 'mouhsineoussama@gmail.com', '', '', '', ''),
(204, 'maximilien', 'moulin', '', 'maximilien.moulin@wavestone.com', 'wavestone', '', '', ''),
(205, 'boutaina', 'mourid', '06 58 66 11 88', '', '', '', '', ''),
(206, 'christophe', 'moynat', '', 'christophe.moynat@free.fr', '', '', '', ''),
(207, 'sandrine', 'murcia', '', '', 'connecthings', '', '', ''),
(208, 'clement', 'muttoni', '06 67 59 18 24', 'clementmuttoni@gmail.com', '', '', '', ''),
(209, 'samuel', 'nageotte', '', 'samuel.nageotte@gmail.com', '', '', '', ''),
(210, 'julien', 'nahon', '06 80 36 55 87', 'chris.jul@free.fr', '', '', '', ''),
(211, 'frédéric', 'naudeau', '06 30 59 30 08', 'frederic.naudeau@yahoo.fr', '', '', '', ''),
(212, 'marouane', 'nejjar', '+49 1 76 61 04 19 28', 'marouane.nejjar@gmail.com', '', '', '', ''),
(213, 'julien', 'nora', '06 61 24 20 67', 'julien.nora@gmail.com', '', '', '', ''),
(214, 'yannick', 'normant', '', 'yannick.normant@bbox.fr', '', '', '', ''),
(215, 'stéphane', 'note', '06 82 16 71 23', 'stephane.note@gmail.com', '', '', '', ''),
(216, 'pavel', 'novikov', '06 62 54 75 35', '', '', '', '', ''),
(217, 'paul', 'oromi', '06 11 72 95 17', '', '', '', '', ''),
(218, 'thibaut', 'oster', '', 'thibaut.oster@gmail.com', 'richemont', '', '', ''),
(219, 'youssef', 'oudghiri', '07 68 07 51 53', '', '', '', '', ''),
(220, 'younes', 'oukhay', '06 50 46 92 97', 'younes.oukhay@gmail.com', '', '', '', ''),
(221, 'doriane', 'paccaud', '', 'd.paccaud@gmail.com', '', '', '', ''),
(222, 'bertrand', 'paccud', '', '', '', '', '', ''),
(223, 'joseph', 'pares', '06 88 76 59 52', 'joe.pares@gmail.com', '', '', '', ''),
(224, 'mailys', 'pascail', '06 68 77 48 14', 'mailyspascail@gmail.com', '', '', '', ''),
(225, 'florian', 'paul', '06 78 16 34 09', 'florian.paul2@gmail.com', '', '', '', ''),
(226, 'mathis', 'paul', '06 72 17 67 06', '', '', '', '', ''),
(227, 'marie', 'paulin', '06 19 20 80 87', '', 'xpo', '', '', ''),
(228, 'pierre', 'payet', '', '', '', '', '', ''),
(229, 'mathias', 'pellan', '', '', '', '', '', ''),
(230, 'camille', 'perrin', '06 33 13 41 68', '', '', '', '', ''),
(231, 'myriam', 'perrousset', '06 32 17 17 13', '', '', '', '', ''),
(232, 'romain', 'perrus', '06 77 75 15 31', 'romain.perrus@gmail.com', '', '', '', ''),
(233, 'sébastien', 'petigny', '', '', '', '', '', ''),
(234, 'juliette', 'petit', '06 76 66 04 04', '', '', '', '', ''),
(235, 'thomas', 'petit', '06 72 47 42 74', 'to.petit@gmail.com', '', '', '', ''),
(236, 'vincent', 'petit', '06 08 76 17 33', 'vincent.petit@fr.ey.com', '', '', '', ''),
(237, 'anh', 'pham', '06 26 32 61 02', '', '', '', '', ''),
(238, 'jean-françois', 'picard', '', '', '', '', '', ''),
(239, 'nicolas', 'pichard', '', 'nicolas.pichard@lisi-aerospace.com', '', '', '', ''),
(240, 'andrea', 'pirrotta', '+41 78 636 70 21', 'andrea.pirrotta.pas@gmail.com', 'amaris', '', '', ''),
(241, 'philippe', 'poinas', '06 79 38 49 36', 'ppoinas@yahoo.fr', '', '', '', ''),
(242, 'florian', 'poirier', '06 46 92 61 11', 'florian.poirier34@gmail.com', 'insa lyon', '', '', ''),
(243, 'jean-philippe', 'pommel', '06 35 78 58 53', 'jeanphilippe.pommel@gmail.com', 'decalog', '', '', ''),
(244, 'sonia', 'poncelin', '06 79 45 88 55', 'sonia.poncelinderaucourt@gmail.com', '', '', '', ''),
(245, 'thierry', 'pourvendier', '', '', 'mijo', '', '', ''),
(246, 'christian', 'poustynnikoff', '06 81 52 17 81', '', '', '', '', ''),
(247, 'vincent', 'pretet', '', '', '', '', '', ''),
(248, 'julien', 'proietti', '', 'julien.proietti@gmail.com', '', '', '', ''),
(249, 'pierre', 'prouzeau', '06 11 07 00 05', 'pierre.prouzeau@gmail.com', '', '', '', ''),
(250, 'hélène', 'quéguiner', '06 85 24 64 79', 'queguiner.helene@gmail.com', '', '', '', ''),
(251, 'anas', 'raiss', '', 'anas.raiss@gmail.com', '', '', '', ''),
(252, 'najib', 'raji', '06 29 16 60 76', '', '', '', '', ''),
(253, 'benoit', 'raymond', '06 75 03 16 62', 'benoit@brp-conseil.fr', '', '', '', ''),
(254, 'christophe', 'reech', '', 'christophe.reech@reechaim.com', '', '', '', ''),
(255, 'rim', 'regragui', '06 29 63 35 22', 'rim.regragui@gmail.com', '', '', '', ''),
(256, 'herve', 'richert', '', '', '', '', '', ''),
(257, 'thierry', 'robot', '', 'thierry.robot@gdfsuez.com', '', '', '', ''),
(258, 'martin', 'rolland', '', 'martin.rolland0@gmail.com', 'cnr', '', '', ''),
(259, 'sébastien', 'rouaix', '06 81 76 39 06', 'sebastien.rouaix@gmail.com', '', '', '', ''),
(260, 'vincent', 'rouet', '06 80 60 80 85', 'v.rouet@wanadoo.fr', 'akka technologies', '', '', ''),
(261, 'thibault', 'roussel', '06 59 14 56 59', 'thibault.roussel@gmail.com', '', '', '', ''),
(262, 'aubin', 'royer', '06 73 40 27 17', 'aubin.royer@gmail.com', 'hilti', '', '', ''),
(263, 'hamza', 'saadi', '07 60 94 00 72', '', '', '', '', ''),
(264, 'jihad', 'sabounj', '06 45 90 39 00', 'jihadsabounji@gmail.com', '', '', '', ''),
(265, 'alain', 'saintsorny', '06 88 52 70 68', '', '', '', '', ''),
(266, 'chaymae', 'samir', '06 26 43 04 98', 'chaymae.samir.17@gmail.com', 'egis', '', '', ''),
(267, 'antoine', 'sarazin', '06 82 65 95 12', 'toniosarazin@gmail.com', '', '', '', ''),
(268, 'benoit', 'saunier', '06 45 89 82 22', '', '', '', '', ''),
(269, 'adrien', 'savariau', '07 78 95 04 90', 'adrien.savariau@gmail.com', 'accenture', '', '', ''),
(270, 'anne', 'siek', '06 62 17 84 06', '', '', '', '', ''),
(271, 'cyril', 'simonetta', '06 83 44 26 96', '', '', '', '', ''),
(272, 'laura', 'soret', '06 72 69 50 42', 'soret.laura@gmail.com', '', '', '', ''),
(273, 'nicolas', 'sorin', '06 03 69 78 55', 'nicolas.sorin1996@gmail.com', '', '', '', ''),
(274, 'mathieu', 'stephan', '06 59 76 44 99', 'mat.steph@gmail.com', 'www.souriresdenhaut.com', '', '', ''),
(275, 'delphine', 'stiee', '(1) 514 504 9388', 'dbdeltour@hotmail.com', '', '', '', ''),
(276, 'mohammed', 'taha khayer', '06 38 51 01 73', '', '', '', '', ''),
(277, 'mihaï', 'tanasoiu', '06 74 93 77 83', 'mihai.tanasoiu@gmail.com', '', '', '', ''),
(278, 'kenza', 'tber', '06 46 41 01 19', 'kenza.tber@gmail.com', '', '', '', ''),
(279, 'bertrand', 'thivent', '07 60 22 31 48', 'bertrand.thivent@gmail.com', '', '', '', ''),
(280, 'anaïs', 'thomas', '	06 99 79 71 52', '', '', '', '', ''),
(281, 'mathieu', 'thoretton', '06 15 52 92 66', 'mthoretton@gmail.com', 'getyourguide', '', '', ''),
(282, 'remy', 'valerino', '06 85 41 29 84', 'remy.valerino@mgeups.com', '', '', '', ''),
(283, 'nicolas', 'vernazobres', '06 11 34 41 29', 'nicolas.vernazobres@insalien.org', '', '', '', ''),
(284, 'estelle', 'vial', '', '', '', '', '', ''),
(285, 'quentin', 'villiers', '', '', '', '', '', ''),
(286, 'stéphane', 'vincent', '', '', '', '', '', ''),
(287, 'dounia', 'zryouil', '	07 86 50 34 47', '', '', '', '', ''),
(288, 'maïlys', 'pascail', '06 68 77 48 14', 'mailys.pascail@etic-insa.com', '', '', '1.jpg', ''),
(289, 'charlotte', 'diroux', '07 77 39 60 91', 'charlotte.diroux@etic-insa.com', '', '', '2.jpg', ''),
(290, 'justine', 'lhuillier', '', 'justine.lhuillier@etic-insa.com', '', '', '3.jpg', ''),
(291, 'feriel', 'ben marzouk', '', 'feriel.ben-marzouk@etic-insa.com', '', '', '4.jpg', ''),
(292, 'héloïse', 'tourard', '06 27 17 05 63', 'heloise.tourard@etic-insa.com', '', '', '5.jpg', ''),
(293, 'alexandre', 'lang', '06 62 84 58 63', 'alexandre.lang@etic-insa.com', '', '', '6.jpg', ''),
(294, 'reda', 'souali', '', 'reda.souali@etic-insa.com', '', '', '7.jpg', ''),
(295, 'nour', 'mansour', '06 03 52 25 31', 'nour.mansour@etic-insa.com', '', '', '8.jpg', ''),
(296, 'tom', 'richard', '06 46 76 73 68', 'tom.richard@etic-insa.com', '', '', '9.jpg', ''),
(297, 'elliot', 'trabac', '', 'elliot.trabac@etic-insa.com', '', '', '10.jpg', ''),
(298, 'louis', 'dupont', '06 05 20 32 14', 'louis.dupont@etic-insa.com', '', '', '11.jpg', '');

-- --------------------------------------------------------

--
-- Table structure for table `ann_position`
--

DROP TABLE IF EXISTS `ann_position`;
CREATE TABLE IF NOT EXISTS `ann_position` (
  `id` int(11) NOT NULL AUTO_INCREMENT,
  `membre` int(11) NOT NULL,
  `etic_position` varchar(255) NOT NULL,
  `mandate_year` int(4) DEFAULT NULL,
  PRIMARY KEY (`id`),
  KEY `fk_id_position_membre` (`membre`)
) ENGINE=InnoDB AUTO_INCREMENT=860 DEFAULT CHARSET=latin1;

--
-- Dumping data for table `ann_position`
--

INSERT INTO `ann_position` (`id`, `membre`, `etic_position`, `mandate_year`) VALUES
(1, 1, 'responsable qualité', 2006),
(2, 2, 'responsable chargé d\'affaires', 2002),
(3, 2, 'responsable communication', 2001),
(4, 3, 'président-e', 2017),
(5, 3, 'responsable réalisation de mission', 2016),
(6, 4, 'responsable unité d\'affaires', 2013),
(7, 4, 'vice-trésorier-e', 2012),
(8, 5, 'responsable communication', 2015),
(9, 6, 'secrétaire général', 2001),
(10, 7, 'responsable communication', 1991),
(11, 8, 'secrétaire général', 1990),
(12, 9, 'coordinateur', 1983),
(13, 10, 'responsable qualité', 2013),
(14, 11, 'responsable qualité', 2014),
(15, 12, 'responsable communication', 1992),
(16, 13, 'secrétaire général', 2015),
(17, 14, 'responsable informatique', 2002),
(18, 14, 'responsable qualité', 2003),
(19, 15, 'responsable unité d\'affaires', 2014),
(20, 16, 'responsable dsi', 2017),
(21, 17, 'vice-trésorier-e', 2015),
(22, 18, 'responsable gestion relation client', 2012),
(24, 20, 'membre communication', 2016),
(25, 21, 'vice-trésorier-e', 2013),
(26, 22, 'responsable ressources humaines', 2014),
(27, 23, 'secrétaire général', 1989),
(28, 24, 'trésorier-e', 2016),
(29, 25, 'chargé d\'affaires', 2016),
(30, 26, 'trésorier-e', 2000),
(31, 27, 'responsable unité d\'affaires', 2011),
(32, 28, 'comptable', 1999),
(33, 28, 'responsable qualité', 1999),
(34, 29, 'responsable qualité', 2016),
(35, 30, 'chargé d\'affaires', 2016),
(36, 31, 'président-e', 1996),
(37, 31, 'responsable prospection', 1995),
(38, 32, 'président-e', 1999),
(39, 32, 'vice-président-e', 1999),
(40, 33, 'responsable des relations avec les départements d\'options', 1981),
(41, 34, 'responsable if', 1988),
(42, 35, 'chargé d\'affaires', 2016),
(43, 36, 'intervenant if', 1984),
(44, 37, 'responsable communication', 2016),
(45, 38, 'secrétaire général', 1997),
(46, 39, 'responsable unité d\'affaires 1', 2005),
(47, 40, 'trésorier-e', 2003),
(48, 40, 'secrétaire général', 2004),
(49, 41, 'responsable unité d\'affaires 1', 2003),
(50, 42, 'chargé d\'affaires', 2016),
(51, 43, 'responsable qualité', 2007),
(52, 44, 'chargé d\'affaires', 2016),
(53, 45, 'trésorier-e', 1989),
(54, 46, 'responsable unité d\'affaires 1', 2010),
(55, 47, 'membre communication', 2016),
(56, 48, 'vice-président-e', 2011),
(57, 49, 'responsable communication', 2007),
(58, 49, 'secrétaire général', 2006),
(59, 50, 'responsable dsi', 2014),
(60, 51, 'responsable unité d\'affaires', 2012),
(61, 51, 'responsable gestion relation client', 2011),
(62, 52, 'responsable informatique', 2011),
(63, 53, 'secrétaire général', 2008),
(64, 54, 'responsable unité d\'affaires', 2011),
(65, 55, 'secrétaire général', 1987),
(66, 56, 'secrétaire général', 1983),
(67, 57, 'chargé d\'affaires', 2016),
(68, 58, 'chargé d\'affaires', 2016),
(69, 59, 'responsable informatique', 2010),
(70, 60, 'trésorier-e', 1984),
(71, 61, 'chargé d\'affaires', 2016),
(72, 62, 'vice-trésorier-e', 2014),
(73, 63, 'responsable unité d\'affaires 1', 2004),
(74, 63, 'responsable unité d\'affaires 2', 2003),
(75, 64, 'président-e', 2014),
(76, 65, 'président-e', 1997),
(77, 65, 'président-e', 1999),
(78, 66, 'membre performance', 2017),
(79, 67, 'trésorier-e', 2003),
(80, 67, 'secrétaire général', 2003),
(81, 67, 'président-e', 2004),
(82, 68, 'président-e', 1999),
(83, 68, 'comptable', 1997),
(84, 68, 'comptable', 2000),
(85, 69, 'secrétaire général', 1996),
(86, 70, 'coordinateur', 1983),
(87, 71, 'chargé d\'affaires', 2016),
(88, 72, 'vice-trésorier-e', 2016),
(89, 73, 'responsable communication', 1988),
(90, 74, 'trésorier-e', 2005),
(91, 74, 'responsable qualité', 2004),
(92, 75, 'vice-trésorier-e', 2010),
(93, 76, 'responsable bu', 2013),
(94, 77, 'responsable dsi', 2015),
(95, 78, 'chargé d\'affaires', 2016),
(96, 79, 'responsable communication', 1999),
(97, 80, 'membre communication', 2016),
(98, 80, 'membre communication', 2017),
(99, 81, 'trésorier-e', 2007),
(100, 81, 'président-e', 2008),
(101, 82, 'trésorier-e', 1995),
(102, 83, 'président-e', 2016),
(103, 83, 'responsable unité d\'affaires', 2015),
(104, 84, 'responsable qualité', 1995),
(105, 85, 'chef d\'équipe grc', 2011),
(106, 86, 'responsable communication', 1995),
(107, 87, 'responsable unité d\'affaires 2', 2010),
(108, 88, 'président-e', 2001),
(109, 88, 'secrétaire général', 2000),
(110, 89, 'responsable informatique', 2008),
(111, 90, 'responsable communication', 2017),
(112, 91, 'secrétaire général', 2013),
(113, 91, 'responsable communication', 2013),
(114, 92, 'responsable communication', 2012),
(115, 92, 'responsable communication', 2011),
(116, 93, 'chargé d\'affaires', 2016),
(117, 94, 'responsable communication', 2005),
(118, 94, 'président-e', 2006),
(119, 96, 'trésorier-e', 1985),
(120, 97, 'responsable ressources humaines', 2014),
(121, 98, 'président-e', 2013),
(122, 98, 'responsable ressources humaines', 2013),
(123, 98, 'responsable qualité', 2012),
(124, 99, 'vice-trésorier-e', 2011),
(125, 100, 'responsable gestion relation client', 2015),
(126, 101, 'responsable gestion relation client', 2014),
(127, 102, 'responsable unité d\'affaires', 2013),
(128, 103, 'trésorier-e', 1997),
(129, 104, 'responsable qualité', 1998),
(130, 105, 'comptable', 1996),
(131, 106, 'trésorier-e', 1999),
(132, 107, 'responsable communication', 2008),
(133, 108, 'président-e', 1986),
(134, 109, 'vice-président-e', 2008),
(135, 109, 'responsable unité d\'affaires', 2007),
(136, 110, 'secrétaire général', 2005),
(137, 111, 'comptable', 1995),
(138, 112, 'chargé d\'affaires', 2016),
(139, 113, 'responsable performance', 2017),
(140, 114, 'secrétaire général', 2017),
(141, 115, 'secrétaire général', 2016),
(142, 116, 'responsable qualité', 2005),
(143, 117, 'membre performance', 2016),
(144, 118, 'chargé d\'affaires', 2016),
(145, 119, 'comptable', 2000),
(146, 120, 'responsable gestion relation client', 2013),
(148, 122, 'président-e', 1988),
(149, 123, 'président-e', 2009),
(150, 124, 'responsable dev\'co', 2016),
(151, 125, 'vice-président-e', 1992),
(152, 126, 'responsable ventes unité d\'affaires', 2017),
(153, 127, 'trésorier-e', 1992),
(154, 128, 'comptable', 2017),
(155, 129, 'secrétaire général', 1986),
(156, 130, 'responsable dsi', 2012),
(157, 131, 'chargé de mission', 1996),
(158, 132, 'responsable unité d\'affaires', 2014),
(159, 133, 'responsable dsi', 2015),
(160, 134, 'responsable qualité', 2010),
(161, 135, 'vice-président-e', 2017),
(162, 136, 'vice-président-e', 1986),
(163, 137, 'responsable unité d\'affaires 2', 2004),
(164, 138, 'chargé d\'affaires', 2016),
(165, 139, 'vice-président-e', 2012),
(166, 141, 'vice-président-e', 2014),
(167, 141, 'trésorier-e', 2013),
(168, 142, 'responsable qualité', 1998),
(169, 143, 'secrétaire général', 1992),
(170, 144, 'secrétaire général', 2011),
(171, 144, 'responsable unité d\'affaires', 2012),
(172, 145, 'membre communication', 2016),
(173, 146, 'chargé d\'affaires', 2016),
(174, 147, 'chargé d\'affaires', 2016),
(175, 148, 'vice-trésorier-e', 2013),
(176, 149, 'trésorier-e', 1987),
(177, 150, 'responsable communication', 2014),
(178, 151, 'trésorier-e', 1982),
(179, 151, 'vice-président-e', 1981),
(180, 152, 'responsable informatique', 2003),
(181, 154, 'secrétaire général', 2009),
(182, 155, 'président-e', 1989),
(183, 156, 'président-e', 2011),
(184, 156, 'responsable gestion relation client', 2010),
(185, 157, 'responsable bu', 2013),
(186, 158, 'secrétaire général', 2010),
(187, 159, 'président-e', 2012),
(188, 160, 'membre performance', 2016),
(189, 161, 'trésorier-e', 1994),
(190, 162, 'responsable communication', 2000),
(191, 163, 'responsable ventes unité d\'affaires', 2016),
(192, 164, 'responsable gestion relation client', 2013),
(193, 165, 'responsable communication', 1997),
(194, 166, 'président-e', 2000),
(195, 166, 'comptable', 2001),
(196, 167, 'responsable qualité', 2009),
(197, 168, 'responsable gestion relation client', 2012),
(198, 168, 'vice-président-e', 2013),
(199, 168, 'responsable gestion relation client', 2013),
(200, 169, 'président-e', 2003),
(201, 169, 'responsable chargé d\'affaires', 2002),
(202, 170, 'secrétaire général', 2007),
(203, 170, 'responsable informatique', 2006),
(204, 171, 'responsable qualité', 2014),
(205, 172, 'responsable unité d\'affaires 1', 2009),
(206, 173, 'président-e', 2004),
(207, 173, 'vice-trésorier-e', 2003),
(208, 173, 'responsable informatique', 2005),
(209, 174, 'vice-président-e', 2016),
(210, 175, 'chargé d\'affaires', 2016),
(211, 176, 'chargé d\'affaires', 2016),
(212, 177, 'président-e', 1990),
(213, 178, 'président-e', 1998),
(214, 179, 'trésorier-e', 2002),
(215, 180, 'responsable gestion relation client', 2008),
(216, 181, 'secrétaire général', 1992),
(217, 181, 'comptable', 1992),
(218, 182, 'trésorier-e', 1988),
(219, 183, 'responsable if', 1987),
(220, 184, 'responsable qualité', 2003),
(221, 185, 'responsable unité d\'affaires 2', 2003),
(222, 186, 'responsable qualité', 2015),
(223, 187, 'vice-trésorier-e', 2006),
(224, 188, 'responsable if', 1988),
(225, 189, 'responsable bu', 2013),
(226, 190, 'responsable gestion relation client', 2009),
(227, 191, 'président-e', 1981),
(228, 192, 'vice-président-e', 1996),
(229, 193, 'chargé d\'affaires', 2016),
(230, 194, 'secrétaire général', 1985),
(231, 195, 'comptable', 1997),
(232, 196, 'responsable prospection', 1997),
(233, 197, 'vice-trésorier-e', 2017),
(234, 198, 'trésorier-e', 2014),
(235, 199, 'if (?)', 1987),
(236, 200, 'secrétaire général', 1981),
(237, 201, 'responsable prospection', 1996),
(238, 202, 'président-e', 1983),
(239, 203, 'trésorier-e', 2011),
(240, 204, 'vice-trésorier-e', 2004),
(241, 205, 'chargé d\'affaires', 2016),
(242, 206, 'vice-président-e', 1991),
(243, 207, 'président-e', 1993),
(244, 208, 'responsable ressources humaines', 2013),
(245, 208, 'chef d\'équipe grc', 2013),
(246, 209, 'responsable unité d\'affaires 2', 2005),
(247, 210, 'vice-président-e', 1997),
(248, 210, 'responsable communication', 1996),
(249, 211, 'trésorier-e', 1983),
(250, 212, 'président-e', 2010),
(251, 213, 'responsable communication', 2012),
(252, 214, 'trésorier-e', 1991),
(253, 215, 'secrétaire général', 1995),
(254, 216, 'chargé d\'affaires', 2016),
(255, 217, 'membre performance', 2016),
(256, 218, 'trésorier-e', 2008),
(257, 219, 'membre communication', 2016),
(258, 220, 'trésorier-e', 2003),
(259, 221, 'responsable communication', 2009),
(260, 222, 'responsable qualité', 1996),
(261, 223, 'comptable', 2002),
(262, 224, 'responsable réalisation de mission', 2017),
(263, 225, 'trésorier-e', 2012),
(264, 226, 'responsable dsi', 2013),
(265, 227, 'vice-trésorier-e', 2005),
(266, 228, 'responsable qualité', 2011),
(267, 229, 'président-e', 1984),
(268, 230, 'membre qualité', 2016),
(269, 231, 'membre performance', 2017),
(270, 232, 'responsable gestion relation client', 2007),
(271, 232, 'vice-trésorier-e', 2006),
(272, 232, 'responsable communication', 2006),
(273, 233, 'responsable communication', 1998),
(274, 234, 'membre communication', 2016),
(275, 235, 'responsable unité d\'affaires 2', 2008),
(276, 236, 'président-e', 1992),
(277, 237, 'community manager', 2017),
(279, 239, 'comptable', 1999),
(280, 240, 'responsable gestion relation client', 2015),
(281, 240, 'secrétaire général', 2014),
(282, 240, 'président-e', 2015),
(283, 241, 'président-e', 1994),
(284, 242, 'responsable dev\'co', 2017),
(285, 243, 'coordinateur des projets', 1981),
(286, 244, 'trésorier-e', 2017),
(287, 245, 'président-e', 1991),
(288, 246, 'secrétaire général', 1988),
(289, 247, 'vice-trésorier-e', 2009),
(290, 248, 'responsable unité d\'affaires 2', 2009),
(291, 249, 'responsable dsi', 2013),
(292, 250, 'responsable unité d\'affaires 1', 2008),
(293, 251, 'responsable unité d\'affaires', 2006),
(294, 252, 'chargé d\'affaires', 2016),
(295, 253, 'comptable', 1998),
(296, 254, 'président-e', 1987),
(297, 255, 'responsable ressources humaines', 2012),
(298, 256, 'if (?)', 1986),
(299, 257, 'responsable qualité', 1997),
(300, 258, 'trésorier-e', 2009),
(301, 259, 'trésorier-e', 1998),
(302, 260, 'trésorier-e', 1996),
(303, 261, 'vice-trésorier-e', 2011),
(304, 262, 'trésorier-e', 2015),
(305, 262, 'comptable', 2014),
(306, 263, 'chargé d\'affaires', 2016),
(307, 264, 'trésorier-e', 2010),
(308, 265, 'secrétaire général', 1998),
(309, 265, 'secrétaire général', 1997),
(310, 266, 'responsable unité d\'affaires', 2015),
(311, 266, 'responsable qualité', 2014),
(312, 267, 'responsable qualité', 2008),
(313, 268, 'membre communication', 2016),
(314, 269, 'chargé d\'affaires', 2017),
(315, 270, 'président-e', 2002),
(316, 270, 'comptable', 2001),
(317, 271, 'responsable communication', 2003),
(318, 271, 'responsable communication', 2002),
(319, 272, 'responsable communication', 2009),
(320, 273, 'responsable dsi', 2016),
(321, 274, 'responsable gestion relation client', 2006),
(322, 275, 'président-e', 1995),
(323, 276, 'membre communication', 2016),
(324, 277, 'responsable commercial', 1998),
(325, 278, 'secrétaire général', 2012),
(326, 279, 'responsable gestion relation client', 2011),
(327, 280, 'chef d\'équipe grc', 2012),
(328, 281, 'responsable ventes unité d\'affaires', 2014),
(329, 281, 'vice-président-e', 2015),
(330, 282, 'président-e', 1982),
(331, 282, 'vice-président-e', 1983),
(332, 283, 'président-e', 2007),
(333, 283, 'trésorier-e', 2006),
(334, 284, 'responsable communication', 1990),
(335, 285, 'vice-président-e', 2010),
(336, 286, 'président-e', 1996),
(337, 287, 'responsable communication', 2014),
(338, 288, 'présidente', 2018),
(389, 289, 'vice-près', 2018),
(390, 290, 'secrétaire générale', 2018),
(391, 291, 'trésorerie', 2018),
(392, 292, 'trésorerie', 2018),
(393, 293, 'dsi', 2018),
(394, 294, 'dev\' co', 2018),
(395, 295, 'ua', 2018),
(396, 296, 'ua', 2018),
(397, 297, 'ua', 2018),
(398, 298, 'communication', 2018);

--
-- Constraints for dumped tables
--

--
-- Constraints for table `ann_ca`
--
ALTER TABLE `ann_ca`
  ADD CONSTRAINT `FK_id_membre` FOREIGN KEY (`id`) REFERENCES `ann_membres` (`id`) ON DELETE CASCADE ON UPDATE CASCADE;

--
-- Constraints for table `ann_position`
--
ALTER TABLE `ann_position`
  ADD CONSTRAINT `fk_id_position_membre` FOREIGN KEY (`membre`) REFERENCES `ann_membres` (`id`) ON DELETE CASCADE ON UPDATE CASCADE;
COMMIT;

/*!40101 SET CHARACTER_SET_CLIENT=@OLD_CHARACTER_SET_CLIENT */;
/*!40101 SET CHARACTER_SET_RESULTS=@OLD_CHARACTER_SET_RESULTS */;
/*!40101 SET COLLATION_CONNECTION=@OLD_COLLATION_CONNECTION */;
